L,Vr,Vd
0,0.22563,0.24282
2,0.14918,0.14921
4,0.15269,0.15346
6,0.16208,0.16389
8,0.17311,0.17438
10,0.18814,0.18819
12,0.2002,0.20335
14,0.21783,0.22156
16,0.25004,0.26346
20,0.83561,0.92424
30,1.843,1.8514
40,2.2648,2.2701
