L,Vr,Vd
0,0.74968,0.77041
2,0.094176,0.093147
4,0.093866,0.095699
6,0.10166,0.10398
8,0.10991,0.11214
10,0.11958,0.12291
12,0.12899,0.13081
14,0.1363,0.13708
16,0.14226,0.14227
20,0.15438,0.15498
30,0.17877,0.18002
40,0.19656,0.1992
50,0.22125,0.22602
60,0.28846,0.32419
70,0.71125,0.79813
80,1.1568,1.1923
90,1.4497,1.505
100,1.6697,1.7242
