L,Vr,Vd
0,0.14562,0.14541
2,0.13649,0.13655
4,0.14029,0.14104
6,0.14822,0.14817
8,0.15631,0.15728
10,0.16538,0.1656
12,0.17244,0.17181
14,0.18224,0.17943
16,0.19053,0.18909
20,0.21229,0.21036
30,0.89401,0.70231
40,1.77689,1.6734
50,2.241,2.1248
