L,Vr,Vd
0,0.6666,0.67634
2,0.101299,0.100599
4,0.098495,0.099213
6,0.10625,0.1082
8,0.11539,0.11641
10,0.12384,0.12498
12,0.13374,0.13097
14,0.13944,0.14125
16,0.14519,0.14602
20,0.1573,0.15758
30,0.18091,0.1858
40,0.19768,0.19935
50,0.22015,0.22282
60,0.26294,0.2706
70,0.61997,0.60219
80,1.0566,1.087
90,1.4454,1.4135
100,1.6788,1.665
