Próba,S6,S10,S14
5V ref,0.00324,0.00402,0.00379
4.5V ref,0.00419,0.00425,0.00400
4V ref,0.00402,0.00511,0.00340
5V mat,0.00408,0.00252,0.00418
4.5V mat,0.00377,0.00435,0.00436
4V mat,0.00495,0.00721,0.00896
