f[Hz],f[Hz],T[ms],uf,uT,f[Hz],uf
1,1.0032,998.651,,,1,4
5,4.99992,200.003,0.0025,0.1,5,4.1
10,9.9998,100.001,0.005,0.05,10,4.1
50,49.9991,20.0004,0.003,0.0012,50,4.3
100,99.9983,10.0002,0.006,0.0006,100,4.5
500,499.992,2.00003,0.03,0.00012,498,6.5
1000,999.983,1.00002,0.06,0.00006,995,9
10000,9999.83,0.100002,0.6,0.000006,9960,54
50000,49999.2,0.0200003,3,0.0000012,49800,650
100000,99998.3,0.0100002,6,0.0000006,99700,900
500000,overLoad,overLoad,,,500000,2900